exp_num_specific,richness,treatment,total_root_biomass,total_root_tips,total_root_branchpoints,total_root_length,mean_root_diameter,mean_max_diameter,total_root_volume,erosion_rate,cum_erosion,bank_strength_surface,bank_strength_slope,soil_density,moisture_content,bulk_density,porosity,degree_saturation,table,avg_par,RYT_mean,has_barnyard,has_virginia,has_redtop,has_switchgrass,has_ryegrass,has_clover
1,0,n,0,0,0,0,0,0,0,4.03,78.59,3.5,3.46,825.1981388,0.16842152,706.2503766,0.733490424,0.162166755,2,107.2,1,0,0,0,0,0,0
2,0,n,0,0,0,0,0,0,0,3.24,63.21,1,2.8,1087.849607,0.125389509,966.6427475,0.635229152,0.190808088,1,110.55,1,0,0,0,0,0,0
3,0,n,0,0,0,0,0,0,0,3.62,70.56,3.2,3.8,970.219652,0.142002437,849.5775667,0.679404692,0.177570286,5,328.8,1,0,0,0,0,0,0
4,1,v,1.956,318453,570680,182206.6265,0.476656833,5.394957556,99445.16616,2.61,50.86,3.61,4.1,939.7845875,0.062919195,884.15431,0.666356864,0.083484212,5,95.5,1,0,1,0,0,0,0
5,1,v,3.052,946457,1169284,394508.23,0.467224333,6.235359,248764.2013,3.08,60.08,4.1,5.87,975.6477614,0.119773849,871.2900044,0.671211319,0.155476754,1,103.4,1,0,1,0,0,0,0
6,1,v,3.42,288829,478677,203821.9594,0.723452,6.792163944,322737.1842,2.86,55.93,3.5,4.6,719.0205531,0.083755025,663.4530283,0.749640367,0.074125577,4,379.9,1,0,1,0,0,0,0
7,1,s,20.77,957123,1640377,624601.025,0.502678889,4.944297944,404012.8558,2.82,54.99,4.5,4.47,723.2249847,0.061918364,681.0551635,0.742998052,0.056756301,4,107.8,1,0,0,0,1,0,0
8,1,s,28.56,1486061,2559857,968851.5805,0.558254056,6.231108111,719980.0465,2.4,47.43,5.2,6.27,804.3956153,0.088666185,738.8817859,0.721176685,0.090842967,2,111.5,1,0,0,0,1,0,0
9,1,s,15.9,2297397,3180486,1086340.716,0.470809611,5.298248389,640554.569,3.94,76.97,4.8,6.53,709.0742486,0.089160923,651.0279917,0.75432906,0.076950843,2,106.95,1,0,0,0,1,0,0
10,1,b,6.31,1240549,1874261,802675.71,0.875064222,11.95159656,2220821.763,2.64,51.56,4.5,5.8,861.4692052,0.102960672,781.0516072,0.705263544,0.11402489,1,95.05,1,1,0,0,0,0,0
11,1,b,2.81,241271,447440,190710.773,0.748902556,7.565752667,373673.0822,2.56,50.01,3.8,5.03,1118.504306,0.196964609,934.4506072,0.647377129,0.284306767,3,327.1,1,1,0,0,0,0,0
12,1,b,3.6,535704,801120,332741.0116,0.798565111,8.771229,508455.5656,2.17,42.38,4.33,5.13,847.3498454,0.146118915,739.3210549,0.721010923,0.149829617,2,129.65,1,1,0,0,0,0,0
13,1,r,13.979,574615,1184749,405734.5227,0.649175667,9.207259056,766893.3098,1.86,36.21,4.3,4.86,791.6881915,0.115078664,709.9841629,0.732081448,0.111605107,2,370.25,1,0,0,1,0,0,0
14,1,r,3.81,1040625,1222418,393794.33,0.602404,9.755453889,548213.0671,0.86,16.85,4.6,4.83,1102.470989,0.14110808,966.1407258,0.635418594,0.214551894,3,470,1,0,0,1,0,0,0
15,1,r,5.01,652652,1256048,411934.6929,0.649128944,9.560009556,659807.3632,1.72,33.45,3.73,4.33,1000.089942,0.151143053,868.779896,0.67215853,0.195355768,5,577.9,1,0,0,1,0,0,0
16,1,a,2.7,419944,775559,279182.6446,0.655875333,7.727706944,426714.6448,1.75,34.1,3.96,4.2,1048.3154,0.121776793,934.5133599,0.647353449,0.175795835,5,167.9,1,0,0,0,0,1,0
17,1,a,3.34,452832,601982,241218.0274,0.832024833,9.419947611,489226.1607,2.02,39.44,4.33,4.13,887.7625908,0.107917613,801.2893562,0.697626658,0.123953455,5,237.35,1,0,0,0,0,1,0
18,1,a,2.183,369762,721731,257401.8939,0.595560222,7.397376722,399900.0448,1.7,33.26,2.9,4.43,1222.579676,0.15325421,1060.112909,0.599957393,0.270797174,4,430.25,1,0,0,0,0,1,0
19,1,c,8.59,1059511,1421430,572356.3199,0.743987556,9.953048,815635.4313,3.94,76.89,4.13,4.87,648.2982488,0.05203666,616.2316139,0.767459768,0.041782822,4,119.75,1,0,0,0,0,0,1
20,1,c,5.69,500416,912327,376811.3454,0.766313611,9.106713,728269.6636,2.6,50.69,4.03,4.93,960.5243582,0.130507035,849.6403194,0.679381012,0.163213332,3,229.45,1,0,0,0,0,0,1
21,1,c,4.28,388324,663781,286257.7194,0.781622222,8.082491778,452216.2212,3.32,64.65,3.83,4.63,979.412924,0.131183185,865.8305186,0.673271502,0.168702232,2,320.05,1,0,0,0,0,0,1
22,2,vs,15.99,627930,1361922,546103.2755,0.562278222,5.973176944,475848.0238,3.19,62.12,3.6,3.93,834.7993034,0.064112307,784.5030062,0.70396113,0.071447549,3,105.95,0.93945269,0,1,0,1,0,0
23,2,vs,30.69,879971,1789107,783595.8895,0.720365556,7.286880889,1175137.141,1.44,28.09,3,3.8,647.0431946,0.09180432,592.6365949,0.776363549,0.070078766,4,390.35,1.82187985,0,1,0,1,0,0
24,2,vs,13.68,867190,1740343,555049.8996,0.350591,3.217525667,207925.3387,2.63,51.24,3.43,3.43,953.2450439,0.111594892,857.5471608,0.676397298,0.141481764,5,277,0.82836095,0,1,0,1,0,0
25,2,vb,2.34,292894,657692,241320.9625,0.509421833,5.727909556,251635.9777,0.88,17.23,3.9,4.43,1204.789283,0.078444039,1117.155123,0.578432029,0.151502952,4,315.6,0.61582102,1,1,0,0,0,0
26,2,vb,1.357,394881,519492,178551.6777,0.508584556,5.609999833,104293.6089,3.49,68.09,3.4,3.57,1036.612019,0.177195795,880.5774055,0.667706639,0.233687378,5,516.6,0.38649927,1,1,0,0,0,0
27,2,vb,3.04,516451,916529,338216.939,0.512429222,5.111516778,275375.4496,3.47,67.67,4.47,4.77,658.4328115,0.082035681,608.5130305,0.770372441,0.064799541,3,330.5,0.78070241,1,1,0,0,0,0
28,2,vr,9.725,862875,1661194,550509.0792,0.707035556,11.42872172,893262.55,1.62,31.582,4,3.8,573.8107818,0.240537241,462.5502267,0.825452745,0.13478731,1,98.75,2.72265579,0,1,1,0,0,0
29,2,vr,5.352,596120,1108841,382430.0231,0.619203889,8.499542167,586922.0426,2.78,54.19,3.77,4.9,834.4227872,0.078120566,773.9605509,0.707939415,0.085405947,2,110.4,1.35406861,0,1,1,0,0,0
30,2,vr,3.3,504704,976954,326535.1309,0.670236611,10.8268035,740425.8727,2.78,54.22,5.07,5.37,717.2634773,0.068573833,671.2343644,0.746704013,0.06164305,2,107.25,0.95937218,0,1,1,0,0,0
31,2,va,1.304,223677,390738,143756.5629,0.546392,5.440048444,175149.983,0.6,11.65,3.67,3.13,990.5515301,0.139793487,869.0622832,0.672051969,0.18077359,4,117.8,0.49284873,0,1,0,0,1,0
32,2,va,1.048,357908,381836,122254.8851,0.389884167,4.589401167,68532.1477,2.84,55.46,2.93,1.73,1182.574823,0.188134418,995.320736,0.624407269,0.299890947,3,250.05,0.39242632,0,1,0,0,1,0
33,2,va,1.102,205158,259318,106270.4317,0.569089389,5.720373944,135157.0641,2.35,45.77,3.7,4.37,1020.045304,0.127371086,904.7999516,0.658566056,0.17499437,3,301.6,0.41893256,0,1,0,0,1,0
34,2,vc,7.35,575934,971796,421537.1379,0.848055556,11.02223261,1065025.764,2.99,58.31,4.43,4.7,1016.844916,0.084750301,937.3999845,0.646264157,0.122929502,4,165.95,1.60779339,0,1,0,0,0,1
35,2,vc,8.036,278835,491792,210304.9907,0.658688556,6.877562222,595144.1806,1.93,37.67,3.03,3.57,933.7917037,0.101321097,847.8832435,0.680044059,0.126327786,5,311.65,1.47215398,0,1,0,0,0,1
36,2,vc,6.931,440511,783252,295217.4028,0.699908667,7.354067556,428834.8734,4.42,86.16,2.9,2.6,813.7771455,0.108802531,733.9243218,0.723047426,0.110439261,1,108,1.71254333,0,1,0,0,0,1
37,2,bs,5.2,480754,961744,323451.3933,0.484016611,5.763221278,205404.3642,1.2,23.78,3.33,4.33,952.1782478,0.172196686,812.3024568,0.693470771,0.201703946,2,223.6,1.18793224,1,0,0,1,0,0
38,2,bs,4.09,439115,832439,318870.8127,0.681273889,7.685885556,525189.3853,3.96,77.19,3.2,3.93,890.3040756,0.101642272,808.1607779,0.695033669,0.11818607,1,105,0.86316896,1,0,0,1,0,0
39,2,bs,2.42,375289,726366,250520.1526,0.577339444,7.857086667,290925.1021,2.16,42.06,3.63,2.33,864.9519806,0.138755783,759.5588039,0.713374036,0.147739014,2,96.25,0.28662405,1,0,0,1,0,0
40,2,rs,30.45,990785,2067447,867194.5612,0.811680444,11.28339733,1625327.569,4,78.09,3.13,0.96,1099.898128,0.079312787,1019.072637,0.615444288,0.131328688,3,442.1,1.74765131,0,0,1,1,0,0
41,2,rs,6.37,647454,1150413,428877.4512,0.821336222,9.660405278,685323.8466,2.81,54.78,3.2,4.43,856.2293539,0.090382387,785.2560387,0.703676967,0.100860649,3,109.35,0.47461144,0,0,1,1,0,0
42,2,rs,24.751,1352957,1890307,735917.6988,0.717347278,11.10798478,1597604.609,1.77,34.47,3.93,4.4,778.9493914,0.127532019,690.8445863,0.73930393,0.119172645,4,329.35,1.40206922,0,0,1,1,0,0
43,2,as,1.96,345372,446681,188104.727,0.684586611,6.978087833,435887.4591,3.06,59.65,3.87,4.47,914.1501054,0.081076067,845.5927696,0.680908389,0.10068511,4,120.95,0.65626043,0,0,0,1,1,0
44,2,as,7.5,469699,941186,363952.1505,0.791026778,8.893573,701130.2623,0.74,14.45,3.07,3.7,1055.877101,0.164267921,906.9021674,0.657772767,0.226483888,5,294.8,0.95501629,0,0,0,1,1,0
45,2,as,2.61,308283,540964,210897.6844,0.710967611,8.1010435,494307.5147,0.54,10.6,4.16,4.03,944.9930625,0.126917608,838.564466,0.683560579,0.155697388,4,254.85,0.42849311,0,0,0,1,1,0
46,2,sc,22.22,773806,1358215,564274.4805,0.708668833,8.773704778,769032.4599,1.42,27.78,3.87,4,1055.406456,0.121345468,941.1965235,0.644831501,0.177115932,5,397.55,1.76692945,0,0,0,1,0,1
47,2,sc,11.901,832410,1534920,567790.8499,0.618619833,7.789098556,687114.503,3.6,70.29,3.57,4.47,998.6152533,0.078259986,926.1358731,0.650514765,0.111418501,5,403.05,1.42828696,0,0,0,1,0,1
48,2,sc,14.48,787184,1425210,518454.8511,0.558931944,6.7228665,612143.9736,3.07,59.89,3.27,3.13,717.4517354,0.093021033,656.3933484,0.752304397,0.081161811,5,301.75,1.34039002,0,0,0,1,0,1
49,2,br,2.407,267277,474708,199649.185,0.7353345,8.8517655,456989.1665,0.91,17.81,4.27,4.57,1054.810305,0.140443721,924.9121952,0.65097653,0.199543461,4,115.35,0.55567946,1,0,1,0,0,0
50,2,br,0.945,152881,270870,90786.6132,0.448036278,4.180509389,57838.46937,3.88,75.72,2.73,5.83,867.2110782,0.148037383,755.3857487,0.714948774,0.156410268,1,106.3,0.22807284,1,0,1,0,0,0
51,2,br,2.65,241917,513607,204164.3739,0.688219278,6.885085778,289745.9553,1.3,25.26,3.97,5.8,848.3852652,0.146983965,739.6661948,0.720880681,0.150814238,3,118.65,0.65661176,1,0,1,0,0,0
52,2,ab,3.47,315163,680564,258076.2482,0.712805444,8.452218778,425197.5017,2.57,50.21,3.9,5.83,973.8593092,0.174702899,829.0260541,0.68715998,0.210770795,2,124.35,0.90169682,1,0,0,0,1,0
53,2,ab,4,657897,854601,329617.1448,0.576644778,7.244518,526179.4539,2.7,52.71,3.93,4.37,961.1832617,0.18319107,812.3652095,0.693447091,0.21460621,4,409.5,1.10532405,1,0,0,0,1,0
54,2,ab,1.89,550100,752390,269563.5301,0.553355111,7.036602222,253005.0881,1.08,21.1,4.23,4.1,936.2704358,0.115222185,839.537133,0.683193535,0.141589898,4,129.2,0.60404812,1,0,0,0,1,0
55,2,bc,4.25,323563,595787,223649.3324,0.618846667,7.187849556,313910.4837,1.08,20.98,3.43,3.6,933.0386712,0.13878145,819.3307604,0.690818581,0.164598802,5,345.75,0.77640495,1,0,0,0,0,1
56,2,bc,3.68,397657,800575,296158.4091,0.660904167,7.360402833,330692.5373,1.96,38.23,4.3,5.03,582.313774,0.081715918,538.3241242,0.796858821,0.055203819,3,289.8,0.84114057,1,0,0,0,0,1
57,2,bc,2.89,484445,934113,300514.4129,0.441730611,5.056997611,234181.6567,1.33,26.02,3.37,4.27,685.2595951,0.143395634,599.3197585,0.773841601,0.111056108,2,110.9,0.63128374,1,0,0,0,0,1
58,2,ra,3.165,403221,764021,284200.0231,0.628390389,8.254388611,545862.699,3.29,64.21,2.83,3.58,910.3221901,0.140358462,798.2772261,0.698763311,0.16034752,1,104.35,0.88169349,0,0,1,0,1,0
59,2,ra,4.31,313097,563489,241640.6129,1.012979611,11.51902622,796895.7843,4.27,83.29,5.8,5.1,878.5693188,0.116600869,786.8248565,0.70308496,0.130488444,1,96.55,1.24003429,0,0,1,0,1,0
60,2,ra,0.775,133333,159567,61036.0694,0.485529389,4.521938722,64386.44223,3.98,77.62,2.83,2.87,1152.547651,0.164278922,989.924003,0.626443772,0.259598156,3,104.55,0.1793177,0,0,1,0,1,0
61,2,cr,9.47,715124,1265071,477388.8875,0.755295167,11.61405933,778520.1227,2.64,51.55,3.23,3.93,966.0779731,0.140243677,847.2557164,0.680280862,0.17466647,5,445.65,1.56832682,0,0,1,0,0,1
62,2,cr,9.97,664893,1282864,419637.0537,0.608431722,8.971436889,697181.0756,2.82,55.03,4,4.33,929.0538741,0.078531362,861.4064525,0.674940961,0.100227169,5,141.85,1.64413626,0,0,1,0,0,1
63,2,cr,7.2,1037666,1254440,402815.893,0.469487333,7.837319333,429579.48,3.5,68.19,3.46,3.8,676.0349467,0.065525938,634.4612762,0.76058065,0.054660437,5,104.1,1.19594866,0,0,1,0,0,1
64,2,ca,3.9,540402,978872,391253.4993,0.683617111,8.898326944,845526.9601,1.2,23.46,4.16,4.6,1072.067301,0.144043394,937.086221,0.646382558,0.208825374,4,479.6,1.12889502,0,0,0,0,1,1
65,2,ca,4.73,388788,694622,293607.5317,0.784539556,9.676130889,894667.7384,4.57,89.2,2,0.53,971.0354372,0.110441335,874.4590162,0.670015466,0.144140585,1,90.2,1.48078072,0,0,0,0,1,1
66,2,ca,3.15,329384,572563,206758.0075,0.6011345,7.499359056,325250.1564,3.4,66.31,1.56,3.9,1193.117278,0.163408291,1025.536166,0.61300522,0.273376322,1,104,0.66592986,0,0,0,0,1,1
67,4,vcrb,9.26,493024,1023573,398942.5157,0.536894056,6.109548444,557817.8278,2.74,53.46,3.56,4.8,787.6720181,0.077008881,731.3514607,0.724018317,0.077788857,2,110,2.36426173,1,1,1,0,0,1
68,4,vcrb,5.61,343612,779410,270550.9732,0.495699778,5.967464889,303609.458,3.57,69.71,4.47,4.43,851.9307933,0.070789131,795.6102359,0.699769722,0.080484416,3,307.45,1.39243817,1,1,1,0,0,1
69,4,rvab,2.33,396635,757831,275547.2039,0.626540556,8.000114056,415492.9948,1.78,34.79,3.27,4.33,980.2914619,0.136935953,862.2222378,0.674633118,0.175012494,4,401.35,0.62053114,1,1,1,0,1,0
70,4,rvab,3.16,265412,496674,183399.5445,0.627046444,7.609359722,404360.3805,0.79,15.41,3.87,4.8,1048.911551,0.078421885,972.6356313,0.632967686,0.120505234,5,94.35,1.07357517,1,1,1,0,1,0
71,4,scbr,8.71,535487,765008,347671.3799,0.717478944,7.833810333,984840.9111,2.21,43.02,4.23,5.33,881.5814488,0.109106699,794.8572034,0.700053886,0.123882243,2,160.4,1.84167686,1,0,1,1,0,1
72,4,scbr,5.282,918891,1134777,417313.0286,0.615685778,7.866775889,583752.9862,4.85,94.57,5.1,3.83,901.5368107,0.130730786,797.3045591,0.699130355,0.149088437,1,106.25,0.89279637,1,0,1,1,0,1
73,4,bacs,2.836,426023,780367,254881.6722,0.443729667,5.0097215,118055.3129,1.44,28.01,4,5.4,748.7025851,0.139650396,656.9581228,0.752091274,0.121985809,3,117.9,0.66010367,1,0,0,1,1,1
74,4,bacs,4.92,601041,1152505,424638.624,0.558491278,6.453908333,617998.6169,2.79,54.31,2.97,3.93,952.5233877,0.107511583,860.0572693,0.675450087,0.136895561,1,102.4,1.01458394,1,0,0,1,1,1
75,4,vsrb,3.49,271358,499322,215844.9922,0.660037389,6.663511056,416336.1187,2.22,43.28,4.57,4.83,878.9772114,0.127233221,779.7651766,0.70574899,0.140576942,3,170.35,0.83157136,1,1,1,1,0,0
76,4,vsrb,3.11,407834,734159,250168.4409,0.5399255,6.379311444,219852.7751,1.16,22.67,3.5,3.9,1036.015869,0.163788242,890.2099465,0.664071718,0.219563517,4,116.6,0.52702241,1,1,1,1,0,0
77,4,racs,4.367,487292,908898,331027.0287,0.607133833,8.105238722,505894.265,2.33,45.52,4.1,4.27,1104.102559,0.154153957,956.6336902,0.639006155,0.23077848,3,319.55,0.43453544,0,0,1,1,1,1
78,4,racs,9.87,382601,714847,322174.8643,0.905770889,9.739227833,894571.463,4.55,88.8,3.5,2.17,1073.165473,0.101191243,974.549589,0.632245438,0.155977217,1,102.3,1.2904546,0,0,1,1,1,1
79,4,vcab,4.95,936672,1207825,432951.2342,0.711826222,10.33812944,713298.1401,3.07,59.95,3.7,3.87,1150.037543,0.141162552,1007.777149,0.619706736,0.229560832,1,105.65,1.36837541,1,1,0,0,1,1
80,4,vcab,1.302,366074,691475,230663.6456,0.551815444,5.887662056,173359.3506,4.36,85.02,3.6,5,1084.147197,0.118654494,969.1528559,0.634281941,0.181298464,1,93.6,0.3817922,1,1,0,0,1,1
81,4,ravs,8.086,829166,1607508,589990.0682,0.718435,10.86498083,1161825.424,3.57,69.61,4.13,4.3,883.3385247,0.070090083,825.480526,0.688497915,0.084035111,2,108.1,1.54574195,0,1,1,1,1,0
82,4,ravs,4.46,426181,619701,224608.0265,0.448545833,4.410569,171713.5443,3.86,75.29,2.83,3.7,815.408716,0.061341175,768.2814306,0.710082479,0.066368748,3,112.25,0.47989166,0,1,1,1,1,0
83,6,csrvab,15.27,811167,1077567,361447.8957,0.489383111,6.993866056,343974.5737,2.45,47.85,4.6,6.2,759.4332985,0.05427302,720.3383601,0.728174204,0.053688991,2,110.05,3.73302181,1,1,1,1,1,1
84,6,csrvab,4.431,602993,786617,256402.9398,0.3881075,5.186916889,169800.3914,4.3,83.79,5.07,5.67,900.3758855,0.055582122,852.966213,0.678125957,0.069912782,1,153.65,0.89285677,1,1,1,1,1,1
85,6,csrvab,7.74,375297,667791,267189.0375,0.624495889,6.078917833,401300.9918,3.05,59.49,4.43,5.5,879.4792331,0.084794303,810.7336391,0.694062778,0.099048092,2,114.95,1.9191895,1,1,1,1,1,1